url,img,lines,author
https://www.passiton.com/inspirational-quotes/7042-dont-cry-because-its-over-smile-because-it,https://assets.passiton.com/quotes/images/7042/large_20251031_friday_quote.jpg,"Don't cry because it's over, smile because it happened. #<Author:0x00007f8b389e1f40>",
https://www.passiton.com/inspirational-quotes/8145-if-you-see-someone-without-a-smile-give-them,https://assets.passiton.com/quotes/images/8145/large_20251030_thursday_quote.jpg,"If you see someone without a smile, give them one of yours. #<Author:0x00007f8b389e1040>",
https://www.passiton.com/inspirational-quotes/7045-sometimes-your-joy-is-the-source-of-your-smile,https://assets.passiton.com/quotes/images/7045/large_20251029_wednesday_quote.jpg,"Sometimes your joy is the source of your smile, and sometimes your smile is the source of your joy. #<Author:0x00007f8b389e0500>",
https://www.passiton.com/inspirational-quotes/7530-a-warm-smile-is-the-universal-language-of,https://assets.passiton.com/quotes/images/7530/large_20251028_tuesday_quote.jpg,A warm smile is the universal language of kindness. #<Author:0x00007f8b389ffc98>,
https://www.passiton.com/inspirational-quotes/3022-what-sunshine-is-to-flowers-smiles-are-to,https://assets.passiton.com/quotes/images/3022/large_20251027_monday_quote.jpg,"What sunshine is to flowers, smiles are to humanity. #<Author:0x00007f8b389ff518>",
https://www.passiton.com/inspirational-quotes/8315-do-not-judge-me-by-my-success-judge-me-by-how,https://assets.passiton.com/quotes/images/8315/large_20251024_friday_quote.jpg,"Do not judge me by my success, judge me by how many times I fell down and got back up again. #<Author:0x00007f8b389fe398>",
https://www.passiton.com/inspirational-quotes/8371-don-t-let-a-bad-day-trick-you-into-thinking-you,https://assets.passiton.com/quotes/images/8371/large_20251023_thursday_quote.jpg,Don’t let a bad day trick you into thinking you have a bad life. #<Author:0x00007f8b389fcbd8>,
https://www.passiton.com/inspirational-quotes/6940-hardships-often-prepare-ordinary-people-for-an,https://assets.passiton.com/quotes/images/6940/large_20251022_wednesday_quote.jpg,Hardships often prepare ordinary people for an extraordinary destiny. #<Author:0x00007f8b389fb7d8>,
https://www.passiton.com/inspirational-quotes/7409-sometimes-carrying-on-just-carrying-on-is,https://assets.passiton.com/quotes/images/7409/large_20251021_tuesday_quote.jpg,"Sometimes, carrying on, just carrying on, is the superhuman achievement. #<Author:0x00007f8b389faf18>",
https://www.passiton.com/inspirational-quotes/8314-life-doesn-t-get-easier-or-more-forgiving-we,https://assets.passiton.com/quotes/images/8314/large_20251020_monday_quote.jpg,"Life doesn’t get easier or more forgiving, we get stronger and more resilient. #<Author:0x00007f8b389fa518>",
https://www.passiton.com/inspirational-quotes/6516-dont-judge-each-day-by-the-harvest-you-reap,https://assets.passiton.com/quotes/images/6516/large_20251017_friday_quote.jpg,"Don't judge each day by the harvest you reap, but by the seeds that you plant. #<Author:0x00007f8b389f8998>",
https://www.passiton.com/inspirational-quotes/6108-we-cannot-always-build-the-future-for-our,https://assets.passiton.com/quotes/images/6108/large_20251016_thursday_quote.jpg,"We cannot always build the future for our youth, but we can build our youth for the future.  #<Author:0x00007f8b389f7598>",
https://www.passiton.com/inspirational-quotes/6604-chance-favors-the-prepared-mind,https://assets.passiton.com/quotes/images/6604/large_20251015_wednesday_quote.jpg,Chance favors the prepared mind. #<Author:0x00007f8b389f6e18>,
https://www.passiton.com/inspirational-quotes/6682-give-me-six-hours-to-chop-down-a-tree-and-i,https://assets.passiton.com/quotes/images/6682/large_20251014_tuesday_quote.jpg,"Give me six hours to chop down a tree, and I will spend the first four sharpening the axe. #<Author:0x00007f8b389f6698>",
https://www.passiton.com/inspirational-quotes/8390-it-s-better-to-look-ahead-and-prepare-than-to,https://assets.passiton.com/quotes/images/8390/large_20251013_monday_quote.jpg,"It’s better to look ahead and prepare, than to look back and regret. #<Author:0x00007f8b389f5798>",
https://www.passiton.com/inspirational-quotes/5575-there-are-no-problems-we-cannot-solve-together,https://assets.passiton.com/quotes/images/5575/large_20251010_friday_quote.jpg,"There are no problems we cannot solve together, and very few that we can solve by ourselves. #<Author:0x00007f8b389f4ed8>",
https://www.passiton.com/inspirational-quotes/8458-we-do-not-inherit-the-earth-from-our-ancestors,https://assets.passiton.com/quotes/images/8458/large_20251009_thursday_quote.jpg,We do not inherit the earth from our ancestors; we borrow it from our children. #<Author:0x00007f8b389f4758>,
https://www.passiton.com/inspirational-quotes/8374-we-say-things-will-turn-out-but-no-its-what,https://assets.passiton.com/quotes/images/8374/large_20251008_wednesday_quote.jpg,"We say 'things will turn out', but no. It's what we do that actually creates the future. #<Author:0x00007f8b389f3e98>",
https://www.passiton.com/inspirational-quotes/8373-when-one-tugs-at-a-single-thing-in-nature-one,https://assets.passiton.com/quotes/images/8373/large_20251007_tuesday_quote.jpg,"When one tugs at a single thing in nature, one finds it attached to the rest of the world. #<Author:0x00007f8b389f2bd8>",
https://www.passiton.com/inspirational-quotes/8375-let-us-develop-respect-for-all-living-things,https://assets.passiton.com/quotes/images/8375/large_20251006_monday_quote.jpg,"Let us develop respect for all living things. Let us try to replace violence and intolerance with understanding, compassion and love. #<Author:0x00007f8b389f1058>",
https://www.passiton.com/inspirational-quotes/8110-i-took-a-walk-in-the-woods-and-came-out-taller,https://assets.passiton.com/quotes/images/8110/large_20251003_friday_quote.jpg,I took a walk in the woods and came out taller than the trees. #<Author:0x00007f8b38a0fb48>,
https://www.passiton.com/inspirational-quotes/7927-nature-is-painting-for-us-day-after-day,https://assets.passiton.com/quotes/images/7927/large_20251002_thursday_quote.jpg,"Nature is painting for us, day after day, pictures of infinite beauty. #<Author:0x00007f8b38a0f3c8>",
https://www.passiton.com/inspirational-quotes/7507-nature-does-not-hurry-yet-everything-is,https://assets.passiton.com/quotes/images/7507/large_20251001_wednesday_quote.jpg,"Nature does not hurry, yet everything is accomplished. #<Author:0x00007f8b38a0d848>",
https://www.passiton.com/inspirational-quotes/7271-the-earth-has-music-for-those-who-listen,https://assets.passiton.com/quotes/images/7271/large_20250930_tuesday_quote.jpg,The earth has music for those who listen. #<Author:0x00007f8b38a0d0c8>,
https://www.passiton.com/inspirational-quotes/7867-to-walk-into-nature-is-to-witness-a-thousand,https://assets.passiton.com/quotes/images/7867/large_20250929_monday_quote.jpg,To walk into nature is to witness a thousand miracles. #<Author:0x00007f8b38a0c948>,
https://www.passiton.com/inspirational-quotes/8457-never-bend-your-head-always-hold-it-high-look,https://assets.passiton.com/quotes/images/8457/large_20250926_friday_quote.jpg,Never bend your head. Always hold it high. Look the world straight in the eye. #<Author:0x00007f8b38a0c088>,
https://www.passiton.com/inspirational-quotes/6234-it-takes-courage-for-people-to-listen-to-their,https://assets.passiton.com/quotes/images/6234/large_20250925_thursday_quote.jpg,It takes courage for people to listen to their own goodness and act on it.  #<Author:0x00007f8b38a0ab48>,
https://www.passiton.com/inspirational-quotes/8414-you-ll-never-do-a-whole-lot-unless-you-re-brave,https://assets.passiton.com/quotes/images/8414/large_20250924_wednesday_quote.jpg,You’ll never do a whole lot unless you’re brave enough to try. #<Author:0x00007f8b38a0a288>,
https://www.passiton.com/inspirational-quotes/7862-you-can-choose-courage-or-you-can-choose,https://assets.passiton.com/quotes/images/7862/large_20250923_tuesday_quote.jpg,"You can choose courage, or you can choose comfort, but you cannot choose both. #<Author:0x00007f8b38a09248>",
https://www.passiton.com/inspirational-quotes/3725-courage-is-not-simply-one-of-the-virtues-but,https://assets.passiton.com/quotes/images/3725/large_20250922_monday_quote.jpg,"Courage is not simply one of the virtues, but the form of every virtue at its testing point. #<Author:0x00007f8b38a08ac8>",
https://www.passiton.com/inspirational-quotes/6666-no-act-of-kindness-no-matter-how-small-is,https://assets.passiton.com/quotes/images/6666/large_20290919_friday_quote.jpg,"No act of kindness, no matter how small, is ever wasted. #<Author:0x00007f8b38a085c8>",
https://www.passiton.com/inspirational-quotes/8067-you-can-always-always-give-something-even-if,https://assets.passiton.com/quotes/images/8067/large_20290918_thursday_quote.jpg,"You can always, always give something, even if it is only kindness! #<Author:0x00007f8b38a07f88>",
https://www.passiton.com/inspirational-quotes/4228-good-words-bring-good-feelings-to-the-heart,https://assets.passiton.com/quotes/images/4228/large_20290917_wednesday_quote.jpg,"Good words bring good feelings to the heart. Speak with kindness, always.  #<Author:0x00007f8b38a07a88>",
